<?xml version="1.0" encoding="utf-8"?>
<browserconfig>
    <msapplication>
        <tile>
            <square70x70logo src="https://res.cloudinary.com/nmasuki/image/upload/c_fill,w_70,h_70/icons/ms-icon-70x70.png"/>
            <square150x150logo src="https://res.cloudinary.com/nmasuki/image/upload/c_fill,w_150,h_150/icons/ms-icon-150x150.png"/>
            <square310x310logo src="https://res.cloudinary.com/nmasuki/image/upload/c_fill,h_310,h_310/icons/ms-icon-310x310.png"/>
            <TileColor>#ffffff</TileColor>
        </tile>
    </msapplication>
</browserconfig>